target	ncycle	kofam	metabolic	ncycdb	divergence
nifH	40	93	46	100	60
nifD	28	7	27	50	43
nifK	29	47	26	92	66
nifE	29	30	29	-	1
nifN	27	39	26	-	13
nifB	47	155	47	-	108
vnfH	50	4	0	-	50
vnfD	6	0	1	-	6
anfG	3	0	2	2	3
amoA	16	15	32	21	17
amoA_gamma	8	15	32	-	24
amoA_archaeal	20	-	-	20	0
amoB	21	50	13	38	37
amoC	35	46	18	41	28
hao	94	218	93	112	125
nxrA	18	208	43	5	203
nxrB	19	140	36	33	121
narG	36	208	43	76	172
narH	39	140	36	99	104
narI	43	90	43	70	47
napA	38	273	33	150	240
napB	23	23	28	20	8
nirK	106	173	75	206	131
nirS	18	58	17	183	166
norB	43	139	81	93	96
norC	37	220	95	114	183
norZ	26	497	153	-	471
nosZ	40	72	38	260	222
nosZ_clade2	28	72	38	-	44
nrfA	40	92	75	42	52
nrfH	132	178	47	-	131
nirB	50	5	43	263	258
nirD	13	33	51	194	181
hzsA	3	77	5	21	74
hzsB	7	9	3	11	8
hzsC	5	14	5	7	9
hdh	8	0	8	9	9
narB	53	125	1	106	124
nasA	45	211	31	340	309
nasB	23	255	1	56	254
nirA	48	100	22	199	177
nasD	130	0	0	-	130
NR	8	12	0	230	230
glnA	449	449	449	467	18
gltB	144	3	143	210	207
gltD	159	344	271	455	296
gdhA	232	48	232	445	397
ureC	62	10	68	135	125
ureB	61	3	64	66	63
ureA	64	2	66	70	68
ureG	67	67	67	-	0
