sample	target__nifH	target__nifD	target__nifK	target__nifE	target__nifN	target__nifB	target__vnfH	target__vnfD	target__anfG	target__amoA	target__amoA_gamma	target__amoA_archaeal	target__amoB	target__amoC	target__hao	target__nxrA	target__nxrB	target__narG	target__narH	target__narI	target__napA	target__napB	target__nirK	target__nirS	target__norB	target__norC	target__norZ	target__nosZ	target__nosZ_clade2	target__nrfA	target__nrfH	target__nirB	target__nirD	target__hzsA	target__hzsB	target__hzsC	target__hdh	target__narB	target__nasA	target__nasB	target__nirA	target__nasD	target__NR	target__glnA	target__gltB	target__gltD	target__gdhA	target__ureC	target__ureB	target__ureA	target__ureG	complex__nitrogenase	complex__ammonia_monooxygenase	complex__nitrite_oxidoreductase	complex__membrane_nitrate_reductase	complex__periplasmic_nitrate_reductase	complex__no_reductase_cnor	complex__hydrazine_synthase	complex__glutamate_synthase	complex__urease	synergy__complete_denitrification	synergy__n2o_sink	synergy__comammox	synergy__anammox_complete	synergy__dnra_branch	synergy__nitrifier_denitrification	synergy__assimilatory_complete	synergy__n2o_emitter	synergy__n2o_sink_only	synergy__nosZ_clade_I_likely	synergy__nitrate_to_nitrite_leak	dominant_application
A1_Brocadia_reactor	0	0	0	0	0	0	0	0	0	0	0	0	0	0	1	1	2	0	0	0	0	0	0	0	0	-1	0	0	0	1	2	0	0	1	2	1	2	0	0	0	0	1	0	2	0	-1	2	0	0	0	0	0.0	0.0	1.0	0.0	0.0	0.0	1.0	0.0	0.0	0.0	0.0	0.75	1.0	0.5	0.0	0.5	0.5	0.8	0.333	0.5	nitrite_oxidation
D1_Paracoccus_soil	0	0	0	0	0	0	0	0	0	0	0	0	0	0	0	0	0	2	2	2	2	2	0	2	2	2	-1	2	-1	0	1	1	0	0	0	0	0	0	2	0	0	1	0	2	2	2	2	2	2	2	2	0.0	0.0	0.0	1.0	1.0	1.0	0.0	1.0	1.0	1.0	1.0	0.0	0.0	0.5	0.667	1.0	0.75	0.6	1.0	0.75	nitrate_reduction
D2_Thiobacillus_groundwater	0	0	0	0	0	0	0	0	0	0	0	0	0	0	0	0	0	2	2	2	0	0	0	2	2	2	-1	2	-1	0	0	1	1	0	0	0	0	1	-1	0	0	1	0	2	2	2	0	0	0	0	0	0.0	0.0	0.0	1.0	0.0	1.0	0.0	1.0	0.0	1.0	1.0	0.0	0.0	0.5	0.667	1.0	0.75	0.6	1.0	0.75	nitrate_reduction
D3_Thioglobus_OMZ	0	0	0	0	0	0	0	0	0	0	0	0	0	0	1	0	0	2	2	2	2	2	0	0	2	2	-1	0	0	0	0	0	0	0	0	0	0	0	0	0	0	0	0	2	2	2	0	0	0	0	0	0.0	0.0	0.0	1.0	1.0	1.0	0.0	1.0	0.0	0.5	0.0	0.25	0.0	0.5	0.333	0.5	0.75	0.6	0.667	1.0	nitrate_reduction
N1_Nitrosopumilus_marine	0	0	0	0	0	0	0	0	0	-1	-1	1	-1	-1	0	0	0	0	0	0	0	0	1	0	0	0	-1	0	0	0	0	0	0	0	0	0	0	0	0	0	0	0	0	2	0	0	0	0	0	0	0	0.0	0.333	0.0	0.0	0.0	0.0	0.0	0.0	0.0	0.25	0.0	0.0	0.0	0.0	0.667	0.25	0.75	0.6	0.667	0.5	none
N2_Nitrosomonas_AOB	0	0	0	0	0	0	0	0	0	2	-1	0	2	2	1	0	0	0	0	0	0	0	2	0	2	2	-1	0	0	0	1	0	0	0	0	0	0	0	0	0	0	1	0	2	0	0	2	0	0	0	0	0.0	1.0	0.0	0.0	0.0	1.0	0.0	0.0	0.0	0.5	0.0	0.5	0.0	0.0	1.0	0.5	1.0	0.4	0.667	0.5	ammonia_oxidation
N3_Nitrospina_NOB	0	0	0	0	0	0	0	0	0	0	0	0	0	0	0	1	0	0	0	0	0	0	2	0	0	-1	0	0	0	0	0	0	0	0	0	0	0	0	0	0	2	0	0	2	2	2	2	0	0	0	0	0.0	0.0	0.5	0.0	0.0	0.0	0.0	1.0	0.0	0.25	0.0	0.25	0.0	0.0	0.333	0.75	0.75	0.6	0.667	0.5	n_assimilation
N4_Nitrospira_comammox	0	0	0	0	0	0	0	0	0	2	-1	0	2	2	1	2	2	0	0	0	2	0	1	0	0	0	-1	0	0	1	1	0	0	0	0	0	0	0	0	0	0	0	0	2	2	2	2	2	2	2	2	0.0	1.0	1.0	0.0	0.5	0.0	0.0	1.0	1.0	0.5	0.0	1.0	0.0	1.0	0.667	0.5	0.75	0.6	0.667	0.5	ammonia_oxidation
Neg1_Bacteroides_gut	0	0	0	0	0	0	0	0	0	0	0	0	0	0	0	0	0	0	0	0	0	0	0	0	0	0	0	0	0	2	1	0	0	0	0	0	0	0	0	0	0	0	0	2	2	1	2	0	0	0	0	0.0	0.0	0.0	0.0	0.0	0.0	0.0	1.0	0.0	0.0	0.0	0.0	0.0	0.5	0.0	0.5	0.5	0.8	0.333	0.5	n_assimilation
Neg2_Ecoli_K12	0	0	0	0	0	0	0	0	0	0	0	0	0	0	0	0	0	2	2	2	2	2	0	0	0	0	0	0	0	2	1	2	2	0	0	0	0	1	0	1	0	0	0	2	2	2	2	0	0	0	0	0.0	0.0	0.0	1.0	1.0	0.0	0.0	1.0	0.0	0.25	0.0	0.0	0.0	1.0	0.0	0.75	0.5	0.8	0.333	0.75	nitrate_reduction
